{
  "n_total": 198,
  "n_correct": 122,
  "accuracy": 0.6161616161616161,
  "n_rated": 120,
  "n_parse_failures": 3,
  "parse_failure_ids": [
    "gpqa_diamond_066",
    "gpqa_diamond_127",
    "gpqa_diamond_143"
  ],
  "legibility_mean": 3.6083333333333334,
  "legibility_sd": 0.6121436824432497,
  "coverage_mean": 3.4166666666666665,
  "coverage_sd": 0.8558580473413098,
  "total_inference_wall_s": 16486.393366342003,
  "total_thinking_tokens": 1303220,
  "wall_clock_seconds": 11059.277999582991,
  "autorater_prompt_sha256": "ac1e0ac4044b0a64816bc3c4424e547a462e64d18cf0f5555dec7ed5b42aaa67",
  "autorater_model": "claude-haiku-4-5",
  "stub_mode": false,
  "generation_config": {
    "temperature": 0.6,
    "top_p": 0.95,
    "top_k": 20,
    "min_p": 0.0,
    "max_tokens": 32768,
    "seed": 0
  },
  "first_call_client_wall_s": 207.98923741700128,
  "first_call_server_wall_s": 54.387363351000005,
  "cold_start_approx_s": 153.60187406600127
}