{
  "n_total": 198,
  "n_correct": 111,
  "accuracy": 0.5606060606060606,
  "n_rated": 107,
  "n_parse_failures": 4,
  "parse_failure_ids": [
    "gpqa_diamond_008",
    "gpqa_diamond_144",
    "gpqa_diamond_172",
    "gpqa_diamond_193"
  ],
  "legibility_mean": 3.4766355140186915,
  "legibility_sd": 0.7050464241709832,
  "coverage_mean": 3.2429906542056073,
  "coverage_sd": 0.9198145987851286,
  "total_inference_wall_s": 12338.094880330009,
  "total_thinking_tokens": 1635449,
  "wall_clock_seconds": 13470.760465500003,
  "autorater_prompt_sha256": "ac1e0ac4044b0a64816bc3c4424e547a462e64d18cf0f5555dec7ed5b42aaa67",
  "autorater_model": "claude-haiku-4-5",
  "stub_mode": false,
  "generation_config": {
    "temperature": 0.6,
    "top_p": 0.95,
    "top_k": 20,
    "min_p": 0.0,
    "max_tokens": 32768,
    "seed": 0
  },
  "first_call_client_wall_s": 231.91709141700994,
  "first_call_server_wall_s": 33.89886352100001,
  "cold_start_approx_s": 198.01822789600993
}