{
  "n_total": 198,
  "n_correct": 132,
  "accuracy": 0.6666666666666666,
  "n_rated": 129,
  "n_parse_failures": 3,
  "parse_failure_ids": [
    "gpqa_diamond_022",
    "gpqa_diamond_067",
    "gpqa_diamond_145"
  ],
  "legibility_mean": 3.511627906976744,
  "legibility_sd": 0.6388011118220728,
  "coverage_mean": 3.2635658914728682,
  "coverage_sd": 0.9643600520954398,
  "total_inference_wall_s": 18611.474933618007,
  "total_thinking_tokens": 1063305,
  "wall_clock_seconds": 5728.543414145,
  "autorater_prompt_sha256": "ac1e0ac4044b0a64816bc3c4424e547a462e64d18cf0f5555dec7ed5b42aaa67",
  "autorater_model": "claude-haiku-4-5",
  "stub_mode": false,
  "generation_config": {
    "temperature": 0.6,
    "top_p": 0.95,
    "top_k": 20,
    "min_p": 0.0,
    "max_tokens": 32768,
    "seed": 0
  },
  "first_call_client_wall_s": 256.943040316,
  "first_call_server_wall_s": 17.27342767800002,
  "cold_start_approx_s": 239.669612638
}