{
  "n_total": 198,
  "n_correct": 84,
  "accuracy": 0.42424242424242425,
  "n_rated": 81,
  "n_parse_failures": 6,
  "parse_failure_ids": [
    "gpqa_diamond_000",
    "gpqa_diamond_001",
    "gpqa_diamond_002",
    "gpqa_diamond_026",
    "gpqa_diamond_038",
    "gpqa_diamond_132"
  ],
  "legibility_mean": 3.9382716049382718,
  "legibility_sd": 0.2421610524189263,
  "coverage_mean": 2.876543209876543,
  "coverage_sd": 1.0883785652219395,
  "total_inference_wall_s": 2587.7704599599965,
  "total_thinking_tokens": 0,
  "wall_clock_seconds": 4036.203111232,
  "autorater_prompt_sha256": "ac1e0ac4044b0a64816bc3c4424e547a462e64d18cf0f5555dec7ed5b42aaa67",
  "autorater_model": "claude-haiku-4-5",
  "stub_mode": false,
  "generation_config": {
    "temperature": 0.6,
    "top_p": 0.95,
    "top_k": 20,
    "min_p": 0.0,
    "max_tokens": 32768,
    "seed": 0
  },
  "first_call_client_wall_s": 300.003688154,
  "first_call_server_wall_s": 0.0,
  "cold_start_approx_s": 300.003688154
}