{
  "n_total": 198,
  "n_correct": 55,
  "accuracy": 0.2777777777777778,
  "n_rated": 54,
  "n_parse_failures": 1,
  "parse_failure_ids": [
    "gpqa_diamond_060"
  ],
  "legibility_mean": 3.888888888888889,
  "legibility_sd": 0.3719741656005345,
  "coverage_mean": 2.240740740740741,
  "coverage_sd": 1.2728690692154785,
  "total_inference_wall_s": 1311.9465868559982,
  "total_thinking_tokens": 0,
  "wall_clock_seconds": 1688.568799222,
  "autorater_prompt_sha256": "ac1e0ac4044b0a64816bc3c4424e547a462e64d18cf0f5555dec7ed5b42aaa67",
  "autorater_model": "claude-haiku-4-5",
  "stub_mode": false,
  "generation_config": {
    "temperature": 0.6,
    "top_p": 0.95,
    "top_k": 20,
    "min_p": 0.0,
    "max_tokens": 32768,
    "seed": 0
  },
  "first_call_client_wall_s": 11.876551933999998,
  "first_call_server_wall_s": 4.320408595999993,
  "cold_start_approx_s": 7.556143338000005
}